<?xml version="1.0" encoding="UTF-8"?>
<beans xmlns="http://www.springframework.org/schema/beans"
	xmlns:xsi="http://www.w3.org/2001/XMLSchema-instance"
	xmlns:p="http://www.springframework.org/schema/p"
	xsi:schemaLocation="http://www.springframework.org/schema/beans
 http://www.springframework.org/schema/beans/spring-beans.xsd">
	<bean class="com.springdemo.Springdemo.Employee" name="employee">
		<property name="empId" value="101"></property>
		<property name="empName" value="Jaie"/>
		<property name="empRole" value="Senior Software Engineer"/>
	</bean>
	<bean class="com.springdemo.Springdemo.Employee" name="employee1" p:empName="Prasad" p:empRole="Business Analyst"/>
	<bean class="com.springdemo.Springdemo.Employee" name="employee2">
		<constructor-arg type="int" value = "103"></constructor-arg>
		<constructor-arg type="String" value = "Priya"></constructor-arg>
		<constructor-arg type="String" value = "Software Engineer"></constructor-arg>
	</bean>
	<bean class="com.springdemo.Springdemo.PrintMessage" name="printmessage">
		<property name="message" value="Yash"></property>
	</bean>
	<bean class="com.springdemo.Springdemo.ConstructorMessage" name="constructormessage">
	<constructor-arg type="String" value="Hello World"></constructor-arg>
	</bean>
</beans>